Regra da Soma,Voto Majoritário,Borda Count
0.9696969696969697,0.9734848484848485,0.9696969696969697
