KNN,SVM,DT,MLP,NB
0.9431818181818182,0.9659090909090909,0.9734848484848485,0.9772727272727273,0.9431818181818182
