Regra da Soma,Voto Majoritário,Borda Count
0.9583333333333334,0.9659090909090909,0.9659090909090909
