KNN,SVM,DT,MLP,NB
0.946969696969697,0.9848484848484849,0.9583333333333334,0.9659090909090909,0.946969696969697
