KNN,SVM,DT,MLP,NB
0.9431818181818182,0.9696969696969697,0.9696969696969697,0.9621212121212122,0.9393939393939394
