Regra da Soma,Voto Majoritário,Borda Count
0.9545454545454546,0.9621212121212122,0.9621212121212122
